title,artist,chords_url
A Case of You,Joni MItchell,https://tabs.ultimate-guitar.com/tab/joni-mitchell/a-case-of-you-chords-957219
A Horse with No Name,America,https://tabs.ultimate-guitar.com/tab/america/a-horse-with-no-name-chords-59609
Ain't No Mountain High Enough,"Marvin Gaye, Tammi Terelle",https://www.amchords.com/guitar/marvin-gaye/aint-no-mountain-high-enough
Ain't No Sunshine,Bill Withers,https://tabs.ultimate-guitar.com/tab/bill-withers/aint-no-sunshine-chords-468744
All I Want,Joni Mitchell,https://tabs.ultimate-guitar.com/tab/joni-mitchell/all-i-want-chords-257872
All My Lovin,The Beatles,https://tabs.ultimate-guitar.com/tab/the-beatles/all-my-loving-chords-453882
All The Small Things,Blink 182,https://tabs.ultimate-guitar.com/tab/blink-182/all-the-small-things-chords-118610
All for You,Janet Jackson,https://tabs.ultimate-guitar.com/tab/janet-jackson/all-for-you-chords-570789
All of Me,John Legend,https://tabs.ultimate-guitar.com/tab/john-legend/all-of-me-chords-1432996
Always Be My Baby,Mariah Carey,https://tabs.ultimate-guitar.com/tab/mariah-carey/always-be-my-baby-chords-1229873
American Boy,Estelle,https://tabs.ultimate-guitar.com/tab/estelle/american-boy-chords-1227810
American Teenager,Ethel Cain,https://tabs.ultimate-guitar.com/tab/ethel-cain/american-teenager-chords-4168975
Any Way You Want It,Journey,https://tabs.ultimate-guitar.com/tab/journey/any-way-you-want-it-chords-356175
Arrow Through Me,Wings,https://tabs.ultimate-guitar.com/tab/wings/arrow-through-me-chords-4033834
At Last,Etta James,https://tabs.ultimate-guitar.com/tab/etta-james/at-last-chords-1867911
Baby,Justin Bieber,https://tabs.ultimate-guitar.com/tab/justin-bieber/baby-chords-911859
Back Pocket,Vulfpeck,https://tabs.ultimate-guitar.com/tab/vulfpeck/back-pocket-chords-1861828
Bad Habit,Steve Lacy,https://tabs.ultimate-guitar.com/tab/steve-lacy/bad-habit-chords-4253098
Bad Romance,Lady Gaga,https://tabs.ultimate-guitar.com/tab/lady-gaga/bad-romance-chords-923703
Basket Case,Green Day,https://tabs.ultimate-guitar.com/tab/green-day/basket-case-chords-955966
Beautiful,Christina Aguilera,https://tabs.ultimate-guitar.com/tab/christina-aguilera/beautiful-chords-885946
Bed Peace,Jhene Aiko,https://tabs.ultimate-guitar.com/tab/jhene-aiko/bed-peace-chords-1429121
Before He Cheats,Carrie Underwood,https://tabs.ultimate-guitar.com/tab/carrie-underwood/before-he-cheats-chords-428082
Bennie and the Jets,Elton John,https://tabs.ultimate-guitar.com/tab/elton-john/bennie-and-the-jets-chords-474727
Best Part,"H.E.R., Daniel Caesar",https://tabs.ultimate-guitar.com/tab/daniel-caesar/best-part-chords-2126075
Best Thing I Never Had,Beyonce,https://chordseasy.com/song/29714/best-thing-i-never-had/
Bewitched Bothered And Bewildered,Ella Fitzgerald,https://tabs.ultimate-guitar.com/tab/ella-fitzgerald/bewitched-bothered-and-bewildered-chords-4133122
Beyond,Leon Bridges,https://tabs.ultimate-guitar.com/tab/leon-bridges/beyond-chords-2371937
Beyond the Sea,Bobby Darin,https://tabs.ultimate-guitar.com/tab/bobby-darin/beyond-the-sea-chords-66751
Big Girls Don't Cry,Fergie,https://tabs.ultimate-guitar.com/tab/fergie/big-girls-dont-cry-chords-687262
Billie Jean,Michael Jackson,https://www.gotabs.com/michael-jackson/billie-jean-chords
Birds of a Feather,Billie Eilish,https://tabs.ultimate-guitar.com/tab/billie-eilish/birds-of-a-feather-chords-5270913
Blank Space,Taylor Swift,https://chordseasy.com/song/26297/blank-space
Bleeding Love,Leona Lewis,https://tabs.ultimate-guitar.com/tab/leona-lewis/bleeding-love-chords-690995
Blister In the Sun,Violent Femmes,https://tabs.ultimate-guitar.com/tab/violent-femmes/blister-in-the-sun-chords-588
Blue Suede Shoes,Elvis Presley,https://tabs.ultimate-guitar.com/tab/elvis-presley/blue-suede-shoes-chords-811874
Bohemian Rhapsody - Remastered 2011,Queen,https://open.spotify.com/track/7tFiyTwD0nx5a1eklYtX2J
Boo'd Up,Ella Mai,https://tabs.ultimate-guitar.com/tab/ella-mai/bood-up-chords-2346067
Borderline,Madonna,https://tabs.ultimate-guitar.com/tab/madonna/borderline-chords-118237
Break Free,Ariana Grande,https://tabs.ultimate-guitar.com/tab/ariana-grande/break-free-chords-1498893
Break Up With Your Girlfriend I'm Bored,Ariana Grande,https://tabs.ultimate-guitar.com/tab/ariana-grande/break-up-with-your-girlfriend-im-bored-chords-2598564
Breathin,Ariana Grande,https://tabs.ultimate-guitar.com/tab/ariana-grande/breathin-chords-2451771
Build Me Up Buttercup,The Foundations,https://ukutabs.com/t/the-foundations/build-me-up-buttercup/
Bulletproof,La Roux,https://tabs.ultimate-guitar.com/tab/la-roux/bulletproof-chords-880215
Bury a Friend,Billie Eilish,https://tabs.ultimate-guitar.com/tab/billie-eilish/bury-a-friend-chords-2589567
Bye Bye Bye!,N Sync,https://tabs.ultimate-guitar.com/tab/nsync/bye-bye-bye-chords-77828
California Dreamin,The Mamas and the Papas,https://tabs.ultimate-guitar.com/tab/the-mamas-the-papas/california-dreamin-chords-862466
Candle in the Wind,Elton John,https://tabs.ultimate-guitar.com/tab/elton-john/candle-in-the-wind-chords-1086982
Casual,Chappell Roan,https://tabs.ultimate-guitar.com/tab/chappell-roan/casual-chords-4404614
Cellophane,FKA Twigs,https://tabs.ultimate-guitar.com/tab/fka-twigs/cellophane-chords-2684166
Complicated,Avril Lavigne,https://tabs.ultimate-guitar.com/tab/avril-lavigne/complicated-chords-33252
Crazy,Gnarls Barkley,https://tabs.ultimate-guitar.com/tab/gnarls-barkley/crazy-chords-377909
Crazy He Calls Me,Billie Holiday,https://tabs.ultimate-guitar.com/tab/billie-holiday/crazy-he-calls-me-chords-1192700
Crazy In Love,Beyonce,https://tabs.ultimate-guitar.com/tab/1128499
Crazy Little Thing Called Love,Queen,https://tabs.ultimate-guitar.com/tab/queen/crazy-little-thing-called-love-chords-175793
Creep,Radiohead,https://tabs.ultimate-guitar.com/tab/radiohead/creep-chords-4169
Creep,TLC,https://genius.com/Tlc-creep-lyrics
Cruisin,Smokey Robinson,https://tabs.ultimate-guitar.com/tab/smokey-robinson/cruisin-chords-82080
Cry Me A River,Julie London,https://tabs.ultimate-guitar.com/tab/julie-london/cry-me-a-river-chords-660546
Cupid,Sam Cooke,https://tabs.ultimate-guitar.com/tab/sam-cooke/cupid-chords-258817
DJ Got Us Falling in Love,Usher,https://tabs.ultimate-guitar.com/tab/usher/dj-got-us-fallin-in-love-chords-995925
Daisies,Justin Bieber,https://tabs.ultimate-guitar.com/tab/justin-bieber/daisies-chords-5869745
Dancing Queen,ABBA,https://tabs.ultimate-guitar.com/tab/misc-soundtrack/mamma-mia-dancing-queen-chords-3217598
Dancing With a Stranger,"Sam Smith, Normani",https://tabs.ultimate-guitar.com/tab/sam-smith/dancing-with-a-stranger-chords-2570979
Dancing in the Dark,Bruce Springsteen,https://tabs.ultimate-guitar.com/tab/bruce-springsteen/dancing-in-the-dark-chords-1087212
Dancing in the Moonlight,Toploader,https://tabs.ultimate-guitar.com/tab/toploader/dancing-in-the-moonlight-chords-632945
Dancing on My Own,Robyn,https://tabs.ultimate-guitar.com/tab/robyn/dancing-on-my-own-chords-956611
Danny's Song,Loggins & Messina,https://tabs.ultimate-guitar.com/tab/loggins-messina/dannys-song-chords-9297
Diamonds on the Soles of Her Shoes,Paul Simon,https://tabs.ultimate-guitar.com/tab/paul-simon/diamonds-on-the-soles-of-her-shoes-chords-377461
Die With a Smile,"Lady Gaga, Bruno Mars",https://tabs.ultimate-guitar.com/tab/lady-gaga/die-with-a-smile-chords-5389398
Distance,Emily King,https://tabs.ultimate-guitar.com/tab/emily-king/distance-chords-1502937
Dog Days Are Over,Florence and the Machine,https://tabs.ultimate-guitar.com/tab/florence-the-machine/dog-days-are-over-chords-908502
Don't Know Why,Norah Jones,https://tabs.ultimate-guitar.com/tab/norah-jones/dont-know-why-chords-43060
Don't Let Me Down,Beatles,https://tabs.ultimate-guitar.com/tab/the-beatles/dont-let-me-down-chords-17244
Don't Stop Believing,Journey,https://tabs.ultimate-guitar.com/tab/journey/dont-stop-believin-chords-2063241
Don't Stop Me Now,Queen,https://tabs.ultimate-guitar.com/tab/queen/dont-stop-me-now-chords-519549
Down,Jay Sean,https://tabs.ultimate-guitar.com/tab/jay-sean/down-chords-892814
Dream a Little Dream of Me,The Mamas and The Papas,https://tabs.ultimate-guitar.com/tab/the-mamas-the-papas/dream-a-little-dream-of-me-chords-1131341
Dreams,Fleetwood Mac,https://tabs.ultimate-guitar.com/tab/fleetwood-mac/dreams-chords-43918
Easy,Troye Sivan,https://tabs.ultimate-guitar.com/tab/troye-sivan/easy-chords-3249758
Electric Feel,MGMT,https://tabs.ultimate-guitar.com/tab/mgmt/electric-feel-chords-838341
Emotions,Destiny's Child,https://tabs.ultimate-guitar.com/tab/destinys-child/emotions-chords-1099730
Emotions,Mariah Carey,https://tabs.ultimate-guitar.com/tab/mariah-carey/emotions-chords-1801751
Espresso,Sabrina Carpenter,https://tabs.ultimate-guitar.com/tab/sabrina-carpenter/espresso-chords-5223687
Everybody Wants to Rule the World,Tears for Fears,https://tabs.ultimate-guitar.com/tab/tears-for-fears/everybody-wants-to-rule-the-world-chords-1503308
Everybody's Talkin,Harry Nilson,https://tabs.ultimate-guitar.com/tab/harry-nilsson/everybodys-talkin-chords-609640
Exes and Oh's,Elle King,https://tabs.ultimate-guitar.com/tab/elle-king/exs-and-ohs-chords-1714427
Fast Car,Tracey Chapman,https://tabs.ultimate-guitar.com/tab/tracy-chapman/fast-car-chords-1044807
Fighter,Christina Aguilera,https://tabs.ultimate-guitar.com/tab/christina-aguilera/fighter-chords-3148131
Flowers,Miley Cyrus,https://tabs.ultimate-guitar.com/tab/miley-cyrus/flowers-chords-4600913
Fly Me to the Moon,Frank Sinatra,https://tabs.ultimate-guitar.com/tab/frank-sinatra/fly-me-to-the-moon-chords-335196
Folded,Kehlani,https://tabs.ultimate-guitar.com/tab/kehlani/folded-chords-5839361
For Good,Wicked Cast,https://tabs.ultimate-guitar.com/tab/misc-soundtrack/wicked-for-good-for-good-chords-6042617
For Once in My Life,Stevie Wonder,https://tabs.ultimate-guitar.com/tab/stevie-wonder/for-once-in-my-life-chords-213374
Genie in a Bottle,Christina Aguilera,https://tabs.ultimate-guitar.com/tab/christina-aguilera/genie-in-a-bottle-chords-1193224
Georgia,Ray Charles,https://tabs.ultimate-guitar.com/tab/ray-charles/georgia-on-my-mind-chords-1164380
Get Lucky,Daft Punk,https://tabs.ultimate-guitar.com/tab/daft-punk/get-lucky-chords-1239950
Get You,Daniel Caesar,https://tabs.ultimate-guitar.com/tab/daniel-caesar/get-you-chords-1934197
Girl on Fire,Alicia Keys,https://tabs.ultimate-guitar.com/tab/alicia-keys/girl-on-fire-chords-1196414
Go Chase a Moonbeam,Jerry Vale,https://www.tablyrics.com/go-chase-a-moonbeam-chords-lyrics-jerry-valef
Go Your Own Way,Fleetwood Mac,https://tabs.ultimate-guitar.com/tab/fleetwood-mac/go-your-own-way-chords-13586
God Only Knows,Beach Boys,https://tabs.ultimate-guitar.com/tab/the-beach-boys/god-only-knows-chords-16773
Gravity,John Mayer,https://tabs.ultimate-guitar.com/tab/john-mayer/gravity-chords-641307
Growing Old With You,Restless Road,https://tabs.ultimate-guitar.com/tab/restless-road/growing-old-with-you-chords-4038754
Habits (Stay High),Tove Lo,https://tabs.ultimate-guitar.com/tab/tove-lo/habits-stay-high-chords-1411696
Halo,Beyonce,https://www.mychordbook.com/chords/beyonce/halo
Harvest Moon,Neil Young,https://tabs.ultimate-guitar.com/tab/neil-young/harvest-moon-chords-1087598
Have You Ever Seen the Rain,Creedence Clearwater Revival,https://tabs.ultimate-guitar.com/tab/creedence-clearwater-revival/have-you-ever-seen-the-rain-chords-56479
Heart of Glass,Blondie,https://tabs.ultimate-guitar.com/tab/blondie/heart-of-glass-chords-1087338
Heartless,Kanye West,https://tabs.ultimate-guitar.com/tab/kanye-west/heartless-chords-741960
Heaven,DJ Sammy,https://tabs.ultimate-guitar.com/tab/dj-sammy/heaven-candlelight-mix-chords-4806074
Hello,Adele,https://tabs.ultimate-guitar.com/tab/adele/hello-chords-1775924
Hello It's Me,Todd Rundgren,https://tabs.ultimate-guitar.com/tab/todd-rundgren/hello-its-me-chords-82314
Hey Jude,The Beatles,https://tabs.ultimate-guitar.com/tab/the-beatles/hey-jude-chords-1061739
Hey There Delilah,Plain White Ts,https://tabs.ultimate-guitar.com/tab/plain-white-ts/hey-there-delilah-chords-337676
Hey Ya,Outkast,https://tabs.ultimate-guitar.com/tab/outkast/hey-ya-chords-90698
High Horse,Kacey Musgraves,https://tabs.ultimate-guitar.com/tab/kacey-musgraves/high-horse-chords-2348743
Highway to Hell,AC/DC,https://tabs.ultimate-guitar.com/tab/acdc/highway-to-hell-chords-139966
Hit Me Baby One More Time,Britney Spears,https://tabs.ultimate-guitar.com/tab/britney-spears/baby-one-more-time-chords-279810
Hit Me With Your Best Shot,Pat Benatar,https://tabs.ultimate-guitar.com/tab/pat-benatar/hit-me-with-your-best-shot-chords-1517764
Hit the Road Jack,Ray Charles,https://tabs.ultimate-guitar.com/tab/ray-charles/hit-the-road-jack-chords-168021
Home,Michael Buble,https://tabs.ultimate-guitar.com/tab/188005
Homewrecker,sombr,https://tabs.ultimate-guitar.com/tab/sombr/homewrecker-chords-6156461
Honey,Robyn,https://tabs.ultimate-guitar.com/tab/robyn/honey-chords-2480171
Hotline Bling,Drake,https://tabs.ultimate-guitar.com/tab/drake/hotline-bling-chords-1766172
Hound Dog,Elvis,https://tabs.ultimate-guitar.com/tab/elvis-presley/hound-dog-chords-41677
How Deep Is Your Love,Bee Gees,https://tabs.ultimate-guitar.com/tab/bee-gees/how-deep-is-your-love-chords-1191900
I Can't Make You Love Me,Bonnie Raitt,https://tabs.ultimate-guitar.com/tab/bonnie-raitt/i-cant-make-you-love-me-chords-611294
I Don't Wanna Miss a Thing,Aerosmith,https://tabs.ultimate-guitar.com/tab/aerosmith/i-dont-want-to-miss-a-thing-chords-59465
I Feel the Earth Move,Carole King,https://tabs.ultimate-guitar.com/tab/carole-king/i-feel-the-earth-move-chords-474538
I Gotta Feeling,Black Eyed Peas,https://tabs.ultimate-guitar.com/tab/the-black-eyed-peas/i-gotta-feeling-chords-832775
I Kissed a Girl,Katy Perry,https://tabs.ultimate-guitar.com/tab/travis/i-kissed-a-girl-chords-769315
I Wanna Dance With Somebody,Whitney Houson,https://tabs.ultimate-guitar.com/tab/whitney-houston/i-wanna-dance-with-somebody-who-loves-me-chords-585203
I Will Survive,Gloria Gaynor,https://tabs.ultimate-guitar.com/tab/gloria-gaynor/i-will-survive-chords-991389
I'll Be,Edwin McCain,https://tabs.ultimate-guitar.com/tab/edwin-mccain/ill-be-chords-332557
I'm Like a Bird,Nelly Furtado,https://tabs.ultimate-guitar.com/tab/nelly-furtado/im-like-a-bird-chords-13518
If I Ain't Got You,Alicia Keys,https://tabs.ultimate-guitar.com/tab/alicia-keys/if-i-aint-got-you-chords-111683
If I Loved You,Rogers & Hammerstein,https://tabs.ultimate-guitar.com/tab/misc-soundtrack/carousel-if-i-loved-you-chords-1500534
Imagine,Ariana Grande,https://tabs.ultimate-guitar.com/tab/ariana-grande/imagine-chords-2544252
Imagine,John Lennon,https://tabs.ultimate-guitar.com/tab/john-lennon/imagine-chords-9306
In My Feelings,Drake,C# Cm
In My Head,Ariana Grande,https://tabs.ultimate-guitar.com/tab/ariana-grande/in-my-head-chords-2604222
In My Life,Beatles,https://tabs.ultimate-guitar.com/tab/the-beatles/in-my-life-chords-531847
Insecure,Jazmine Sullivan,"Cm, Dm, Gm"
Intentions,Justin Bieber,https://tabs.ultimate-guitar.com/tab/justin-bieber/intentions-chords-2983373
Into the Mystic,Van Morrison,https://tabs.ultimate-guitar.com/tab/van-morrison/into-the-mystic-chords-106508
Iris,Goo Goo Dolls,https://tabs.ultimate-guitar.com/tab/goo-goo-dolls/iris-chords-54512
Irreplaceable,Beyonce,https://tabs.ultimate-guitar.com/tab/971852
Is This Love,Bob Marley,https://tabs.ultimate-guitar.com/tab/bob-marley/is-this-love-chords-75877
Isn't She Lovely,Stevie Wonder,https://tabs.ultimate-guitar.com/tab/stevie-wonder/isnt-she-lovely-chords-876425
Jailhouse Rock,Elvis Presley,https://tabs.ultimate-guitar.com/tab/elvis-presley/jailhouse-rock-chords-79693
Jolene,Dolly Parton,https://tabs.ultimate-guitar.com/tab/dolly-parton/jolene-chords-183019
Just Like a Pill,Pink,https://tabs.ultimate-guitar.com/tab/pnk/just-like-a-pill-chords-44348
Just What I Needed,The Cars,https://tabs.ultimate-guitar.com/tab/the-cars/just-what-i-needed-chords-1146418
Killing me Softly,Lauryn Hill,https://tabs.ultimate-guitar.com/tab/fugees/killing-me-softly-chords-50470
Kiss,Prince,https://tabs.ultimate-guitar.com/tab/prince/kiss-chords-322671
Kiss Me More,"Doja Cat, SZA",https://www.mychordbook.com/chords/doja-cat/kiss-me-more-ft-sza
Landslide,Fleetwood Mac,https://tabs.ultimate-guitar.com/tab/fleetwood-mac/landslide-chords-989772
Last Dance,Donna Summer,https://tabs.ultimate-guitar.com/tab/donna-summer/last-dance-chords-1746216
Late Night Talkin,Harry Styles,https://tabs.ultimate-guitar.com/tab/harry-styles/late-night-talking-chords-4154926
Let it Be,Beatles,https://tabs.ultimate-guitar.com/tab/the-beatles/let-it-be-chords-60690
Let's Get it On,Marvin Gaye,https://tabs.ultimate-guitar.com/tab/marvin-gaye/lets-get-it-on-chords-687918
Let's Stay Together,Al Green,https://tabs.ultimate-guitar.com/tab/al-green/lets-stay-together-chords-69821
Levitating,Dua Lipa,https://chordseasy.com/song/33266/levitating
Life on Mars,David Bowie,https://tabs.ultimate-guitar.com/tab/david-bowie/life-on-mars-chords-1237810
Light My Fire,The Doors,https://tabs.ultimate-guitar.com/tab/the-doors/light-my-fire-chords-1092216
Like a Virgin,Madonna,https://tabs.ultimate-guitar.com/tab/madonna/like-a-virgin-chords-822089
Limit to Your Love,James Blake,https://tabs.ultimate-guitar.com/tab/james-blake/limit-to-your-love-chords-1019021
Linger,The Cranberries,https://tabs.ultimate-guitar.com/tab/the-cranberries/linger-chords-612578
Little Red Corvette,Prince,https://tabs.ultimate-guitar.com/tab/prince/little-red-corvette-chords-1838719
Love Me Land,Zara Larsson,https://tabs.ultimate-guitar.com/tab/zara-larsson/love-me-land-chords-3269741
Love Shack,B-52s,https://tabs.ultimate-guitar.com/tab/the-b-52s/love-shack-chords-1905117
Love Yourself,Justin Bieber,https://chordseasy.com/song/26232/love-yourself/
Love is a Losing Game,Amy Winehouse,https://tabs.ultimate-guitar.com/tab/amy-winehouse/love-is-a-losing-game-chords-471389
Love on Top,Beyonce,https://www.gotabs.com/beyonce/love-on-top-chords
Lovely Day,Bill Withers,https://tabs.ultimate-guitar.com/tab/bill-withers/lovely-day-chords-1135417
Maneater,Hall & Oates,https://tabs.ultimate-guitar.com/tab/hall-oates/maneater-chords-353751
Many Times,Dijon,https://tabs.ultimate-guitar.com/tab/dijon/many-times-chords-3925361
Massachusetts,Bee Gees,https://tabs.ultimate-guitar.com/tab/bee-gees/massachusetts-chords-16884
Me Myself and I,Beyonce,https://genius.com/Beyonce-me-myself-and-i-lyrics
Meet Me at Our Spot,The Anxiety,https://tabs.ultimate-guitar.com/tab/the-anxiety/meet-me-at-our-spot-chords-3427628
Messy,Lola Young,https://tabs.ultimate-guitar.com/tab/lola-young/messy-chords-5297307
Midnight Sun,Zara Larsson,https://tabs.ultimate-guitar.com/tab/zara-larsson/midnight-sun-chords-5834375
Mine,"Beyonce, Drake",https://www.mychordbook.com/chords/beyonc/mine-ft-drake
Mine,Taylor Swift,https://chordseasy.com/song/27935/mine-taylor-swift/
Misty,Johnny Mathis,https://tabs.ultimate-guitar.com/tab/johnny-mathis/misty-chords-3299927
Moondance,Van Morrison,https://tabs.ultimate-guitar.com/tab/van-morrison/moondance-chords-29623
Moonlight in Vermont,Ella Fitzgerald,https://tabs.ultimate-guitar.com/tab/ella-fitzgerald/moonlight-in-vermont-chords-4444547
More Than Words,Extreme,https://tabs.ultimate-guitar.com/tab/extreme/more-than-words-chords-14087
More than a Feeling,Boston,https://tabs.ultimate-guitar.com/tab/boston/more-than-a-feeling-chords-1050593
Motion Sickness,Phoebe Bridgers,https://tabs.ultimate-guitar.com/tab/phoebe-bridgers/motion-sickness-chords-3368993xkiw
Mr. Brightside,The Killers,https://tabs.ultimate-guitar.com/tab/the-killers/mr-brightside-chords-202646
Murder on the Dancefloor,Sophie Ellis Baxtor,https://tabs.ultimate-guitar.com/tab/sophie-ellis-bextor/murder-on-the-dancefloor-chords-1836623
My Girl,Temptations,https://tabs.ultimate-guitar.com/tab/the-temptations/my-girl-chords-86366
My Life Would Suck WIthout You,Kelly Clarkson,https://tabs.ultimate-guitar.com/tab/kelly-clarkson/my-life-will-suck-without-you-chords-797894
My Own Worst Enemy,Lit,https://tabs.ultimate-guitar.com/tab/lit/my-own-worst-enemy-chords-950238
My Way,Frank Sinatra,https://tabs.ultimate-guitar.com/tab/frank-sinatra/my-way-chords-383263
NASA,Ariana Grande,https://www.mychordbook.com/chords/ariana-grande/nasa
Need You Now,Lady A,https://tabs.ultimate-guitar.com/tab/lady-a-lady-antebellum/need-you-now-chords-866111
Needy,Ariana Grande,https://genius.com/Ariana-grande-needy-lyrics
New Rules,Dua Lipa,https://chordseasy.com/song/18715/new-rules/
New York State of Mind,Billie Joel,https://tabs.ultimate-guitar.com/tab/billy-joel/new-york-state-of-mind-chords-1006035
New York New York,Frank Sinatra,https://tabs.ultimate-guitar.com/tab/frank-sinatra/new-york-new-york-chords-84884
Night and Day,Cole Porter,https://tabs.ultimate-guitar.com/tab/cole-porter/night-and-day-chords-1126797
Nights Like This,Kehlani,Dm C Bb Dm C Bb // Bb F Bb F Bb Dm Gm C
No Diggity,Blackstreet,Really just F#m and C#/Eb peppered in
No Tears Left to Cry,Ariana Grande,https://tabs.ultimate-guitar.com/tab/ariana-grande/no-tears-left-to-cry-chords-2371739
Nobody Gets Me,SZA,https://tabs.ultimate-guitar.com/tab/sza/nobody-gets-me-chords-4454243
Old Time Rock and Roll,Bob Seger,https://tabs.ultimate-guitar.com/tab/bob-seger/old-time-rock-and-roll-chords-2581740
On The Street Where You Live,Lerner & Loewe,https://tabs.ultimate-guitar.com/tab/lerner-loewe/on-the-street-where-you-live-chords-1706841
On The Street Where You Live,My Fair Lady Cast,https://tabs.ultimate-guitar.com/tab/nat-king-cole/on-the-street-where-you-live-chords-5997410
One Dance,Drake,https://tabs.ultimate-guitar.com/tab/drake/one-dance-chords-1835830
Only 1,Ariana Grande,https://tabs.ultimate-guitar.com/tab/ariana-grande/only-1-chords-2883923
Ordinary People,John Legend,https://tabs.ultimate-guitar.com/tab/john-legend/ordinary-people-chords-494857
Our Song,Taylor Swift,https://chordseasy.com/song/28228/our-song
Paper Bag,Fiona Apple,https://tabs.ultimate-guitar.com/tab/fiona-apple/paper-bag-chords-1034733
Paper Planes,MIA,https://tabs.ultimate-guitar.com/tab/m-i-a-/paper-planes-chords-764370
Party in the USA,Miley Cyrus,https://chordseasy.com/song/13269/party-in-the-usa
Peaches,Justin Bieber,https://tabs.ultimate-guitar.com/tab/justin-bieber/peaches-chords-3616940
Pennies from Heaven,Louie Armstrong,https://tabs.ultimate-guitar.com/tab/louis-prima/pennies-from-heaven-chords-3136172
Perfect,Ed Sheeran,https://tabs.ultimate-guitar.com/tab/ed-sheeran/perfect-chords-1956589
Piano Man,Billie Joel,https://tabs.ultimate-guitar.com/tab/billy-joel/piano-man-chords-1051336
Please Please Please,Sabrina Carpenter,https://tabs.ultimate-guitar.com/tab/sabrina-carpenter/please-please-please-chords-5299629
Poker Face,Lady Gaga,https://tabs.ultimate-guitar.com/tab/lady-gaga/poker-face-chords-810048
Pumped Up Kicks,Foster the People,https://tabs.ultimate-guitar.com/tab/foster-the-people/pumped-up-kicks-chords-1098165
Purple Rain,Prince,https://tabs.ultimate-guitar.com/tab/prince/purple-rain-chords-413679
Pursuit of Happiness,Kid Cudi,https://tabs.ultimate-guitar.com/tab/kid-cudi/pursuit-of-happiness-chords-872901
Put Your Records On,Corinne Bailey Rae,https://tabs.ultimate-guitar.com/tab/corinne-bailey-rae/put-your-records-on-chords-1079862
Real Love Baby,Father John Misty,https://tabs.ultimate-guitar.com/tab/father-john-misty/real-love-baby-chords-1895748
Rhiannon,Fleetwood Mac,https://tabs.ultimate-guitar.com/tab/fleetwood-mac/rhiannon-chords-42801
Ring of Fire,Johnny Cash,https://tabs.ultimate-guitar.com/tab/johnny-cash/ring-of-fire-chords-63352
Rocket Man,Elton John,https://www.mychordbook.com/chords/elton-john/rocket-man
Rolling in The Deep,Adele,https://tabs.ultimate-guitar.com/tab/adele/rolling-in-the-deep-chords-1028320
Save Me The Trouble,Dan + Shay,https://tabs.ultimate-guitar.com/tab/dan-shay/save-me-the-trouble-chords-4872035
Save Your Tears,The Weeknd,https://tabs.ultimate-guitar.com/tab/the-weeknd/save-your-tears-chords-3035397
Say Goodbye to Hollywood,Billie Joel,https://tabs.ultimate-guitar.com/tab/billy-joel/say-goodbye-to-hollywood-chords-1006032
Say It Ain't So,Weezer,https://tabs.ultimate-guitar.com/tab/weezer/say-it-aint-so-chords-613275
Say My Name,Destiny's Child,https://www.mychordbook.com/chords/destiny-s-child/say-my-name
Say a Little Prayer,Aretha Franklin,https://tabs.ultimate-guitar.com/tab/aretha-franklin/i-say-a-little-prayer-chords-276769
Scars to Your Beautiful,Alessia Cara,https://tabs.ultimate-guitar.com/tab/alessia-cara/scars-to-your-beautiful-chords-1789184
September,"Earth, Wind, & Fire",https://tabs.ultimate-guitar.com/tab/earth-wind-fire/september-chords-1017846
Seven Nation Army,White Stripes,https://tabs.ultimate-guitar.com/tab/the-white-stripes/seven-nation-army-chords-52559
Sex on Fire,Kings of Leon,https://tabs.ultimate-guitar.com/tab/kings-of-leon/sex-on-fire-chords-723359
She's Always a Woman,Billie Joel,https://tabs.ultimate-guitar.com/tab/billy-joel/shes-always-a-woman-chords-583675
Shut Up and Drive,Rihanna,https://tabs.ultimate-guitar.com/tab/rihanna/shut-up-and-drive-chords-959268
Signed Sealed Delivered,Stevie Wonder,https://tabs.ultimate-guitar.com/tab/stevie-wonder/signed-sealed-delivered-im-yours-chords-1240604
Sitting on the Dock of the Bay,Otis Redding,https://tabs.ultimate-guitar.com/tab/otis-redding/sittin-on-the-dock-of-the-bay-chords-1088518
Slow Burn,Kacey Musgraves,https://tabs.ultimate-guitar.com/tab/kacey-musgraves/slow-burn-chords-2355631
Slow Dancing in a Burning Room,John Mayer,https://tabs.ultimate-guitar.com/tab/john-mayer/slow-dancing-in-a-burning-room-chords-706621
Smells Like Teen Spirit,Nirvana,https://tabs.ultimate-guitar.com/tab/nirvana/smells-like-teen-spirit-chords-1517379
Smile,Lily Allen,https://tabs.ultimate-guitar.com/tab/lily-allen/smile-chords-2256815
Smile,Nat King Cole,https://tabs.ultimate-guitar.com/tab/nat-king-cole/smile-chords-1714875
Snooze,SZA,https://tabs.ultimate-guitar.com/tab/sza/snooze-chords-4457303
Some Kind of Wonderful,Grand Funk Railroad,https://tabs.ultimate-guitar.com/tab/grand-funk-railroad/some-kind-of-wonderful-chords-597547
Someday,The Strokes,https://tabs.ultimate-guitar.com/tab/the-strokes/someday-chords-142675
Someone Like You,Adele,https://tabs.ultimate-guitar.com/tab/adele/someone-like-you-chords-1006751
Something In Between,Olivia Dean,https://tabs.ultimate-guitar.com/tab/olivia-dean/something-inbetween-chords-5964068
Somewhere,Sondheim & Bernstein,https://tabs.ultimate-guitar.com/tab/tom-waits/somewhere-from-west-side-story-chords-1239830
Sorry Not Sorry,Demi Lovato,https://tabs.ultimate-guitar.com/tab/demi-lovato/sorry-not-sorry-chords-2081331
Stand by Me,Ben E King,https://tabs.ultimate-guitar.com/tab/ben-e-king/stand-by-me-chords-1724608
Stay,"Rihanna, Mikky Ekko",https://tabs.ultimate-guitar.com/tab/rihanna/stay-chords-1195964
Stayin Alive,Bee Gees,https://tabs.ultimate-guitar.com/tab/bee-gees/stayin-alive-chords-1743431
Still the One,Shania Twain,https://tabs.ultimate-guitar.com/tab/shania-twain/youre-still-the-one-chords-1345
Stop This Train,John Mayer,https://tabs.ultimate-guitar.com/tab/john-mayer/stop-this-train-chords-1399499
Summer Wind,Frank Sinatra,https://tabs.ultimate-guitar.com/tab/frank-sinatra/summer-wind-chords-1173371
Summertime,George Gershwin,https://tabs.ultimate-guitar.com/tab/george-gershwin/summertime-chords-1053545
Sunday Morning,Maroon 5,https://tabs.ultimate-guitar.com/tab/maroon-5/sunday-morning-chords-991692
Superstition,Stevie Wonder,https://tabs.ultimate-guitar.com/tab/stevie-wonder/superstition-chords-258837
Survivor,Destiny's Child,https://www.mychordbook.com/chords/destinys-child/survivor
Suspicious Minds,Elvis,https://tabs.ultimate-guitar.com/tab/elvis-presley/suspicious-minds-chords-79701
Sway,Michael Buble,https://tabs.ultimate-guitar.com/tab/660327
Sweet Caroline,Neil Diamond,https://tabs.ultimate-guitar.com/tab/neil-diamond/sweet-caroline-chords-66316
Sweet Home Alabama,Lynyrd Skynyrd,https://tabs.ultimate-guitar.com/tab/lynyrd-skynyrd/sweet-home-alabama-chords-849467
Take a Bow,Rihanna,https://tabs.ultimate-guitar.com/tab/rihanna/take-a-bow-chords-661479
Take me Home Country Roads,John Denver,https://tabs.ultimate-guitar.com/tab/john-denver/take-me-home-country-roads-chords-57606
Take on Me,A Ha,https://tabs.ultimate-guitar.com/tab/a-ha/take-on-me-chords-1842621
Teenage Dream,Katy Perry,https://chords-haven.blogspot.com/2013/09/katy-perry-teenage-dream.html
Tennessee Whiskey,Chris Stapleton,https://tabs.ultimate-guitar.com/tab/chris-stapleton/tennessee-whiskey-chords-1802477
Thank U Next,Ariana Grande,https://tabs.ultimate-guitar.com/tab/ariana-grande/thank-u-next-chords-2509989
That's Amore,Dean Martin,https://tabs.ultimate-guitar.com/tab/dean-martin/thats-amore-chords-630810
That's Life,Frank Sinatra,https://tabs.ultimate-guitar.com/tab/frank-sinatra/thats-life-chords-84885
That's What I Like,Bruno Mars,https://tabs.ultimate-guitar.com/tab/bruno-mars/thats-what-i-like-chords-1905087
The Boy is Mine,"Brandy, Ciara",https://tabs.ultimate-guitar.com/tab/brandy/the-boy-is-mine-chords-2203007
The Dress,Dijon,https://tabs.ultimate-guitar.com/tab/dijon/the-dress-chords-3945956
The Man Who Can't Be Moved,The Script,https://tabs.ultimate-guitar.com/tab/the-script/the-man-who-cant-be-moved-chords-716149
The One That Got Away,Katy Perry,https://tabs.ultimate-guitar.com/tab/reinaeiry/the-one-that-got-away-chords-3777284
The Way You Look Tonight,Frank Sinatra,https://tabs.ultimate-guitar.com/tab/frank-sinatra/the-way-you-look-tonight-chords-742402
The Weekend,Sza,https://tabs.ultimate-guitar.com/tab/sza/the-weekend-chords-2053939
The Worst,Jhene Aiko,https://tabs.ultimate-guitar.com/tab/jhene-aiko/the-worst-chords-1459708
Thinkin Bout U,Frank Ocean,https://tabs.ultimate-guitar.com/tab/frank-ocean/thinkin-bout-you-chords-1135763
Thinking Out Loud,Ed Sheeran,https://tabs.ultimate-guitar.com/tab/ed-sheeran/thinking-out-loud-chords-1486860
This Love,Maroon 5,https://tabs.ultimate-guitar.com/tab/maroon-5/this-love-chords-786697
Thousand Miles,Vanessa Carlton,https://tabs.ultimate-guitar.com/tab/vanessa-carlton/a-thousand-miles-chords-653457
Through the Fire,Chaka Khan,https://tabs.ultimate-guitar.com/tab/chaka-khan/through-the-fire-chords-1101583
Time of Your Life,Green Day,https://tabs.ultimate-guitar.com/tab/green-day/good-riddance-time-of-your-life-chords-12835
To Know Him is to Love Him,Amy Winehouse,https://tabs.ultimate-guitar.com/tab/amy-winehouse/to-know-him-is-to-love-him-chords-641515
Toxic,Britney Spears,https://tabs.ultimate-guitar.com/tab/britney-spears/toxic-chords-618385
Twist and Shout,Beatles,https://tabs.ultimate-guitar.com/tab/the-beatles/twist-and-shout-chords-489173
Unwritten,Natasha Bedingfield,https://tabs.ultimate-guitar.com/tab/natasha-bedingfield/unwritten-chords-640615
Up,Sing Street,https://tabs.ultimate-guitar.com/tab/misc-soundtrack/sing-street-up-chords-1843517
Use Somebody,Kings of Leon,https://tabs.ultimate-guitar.com/tab/kings-of-leon/use-somebody-chords-799959
Valerie,Amy Winehouse,https://tabs.ultimate-guitar.com/tab/amy-winehouse/valerie-chords-840933
Video Games,Lana Del Rey,https://tabs.ultimate-guitar.com/tab/lana-del-rey/video-games-chords-1083902
Vienna,Billie Joel,https://tabs.ultimate-guitar.com/tab/billy-joel/vienna-chords-804911
Viva La Vida,Coldplay,https://tabs.ultimate-guitar.com/tab/coldplay/viva-la-vida-chords-675427
Wake Me Up,Avicii,https://tabs.ultimate-guitar.com/tab/avicii/wake-me-up-chords-1397194
Wake me Up When September Ends,Green Day,https://tabs.ultimate-guitar.com/tab/green-day/wake-me-up-when-september-ends-chords-953997
Washing Machine Heart,Mitski,https://open.spotify.com/track/3jjsRKEsF42ccXf8kWR3nu
We All Try,Frank Ocean,https://tabs.ultimate-guitar.com/tab/frank-ocean/we-all-try-chords-1083050
We Belong Together,Mariah Carey,https://tabs.ultimate-guitar.com/tab/mariah-carey/we-belong-together-chords-884422
We Found Love,"Rihanna, Calvin Harris",https://tabs.ultimate-guitar.com/tab/rihanna/we-found-love-chords-1096231
What Was I Made For,Billie Elish,https://tabs.ultimate-guitar.com/tab/misc-soundtrack/barbie-what-was-i-made-for-chords-4871180
What You Won't Do for Love,Bobby Caldwell,https://tabs.ultimate-guitar.com/tab/bobby-caldwell/what-you-wont-do-for-love-chords-64306
What a Wonderful World,Louis Armstrong,https://tabs.ultimate-guitar.com/tab/louis-armstrong/what-a-wonderful-world-chords-955258
What's My Name,Rihanna,https://tabs.ultimate-guitar.com/tab/rihanna/whats-my-name-chords-1020630
When We Were Young,Adele,https://tabs.ultimate-guitar.com/tab/adele/when-we-were-young-chords-1782038
Who Knew,Pink,https://tabs.ultimate-guitar.com/tab/pnk/who-knew-chords-549303
Why Do You Only Call Me When You're High,Arctic Monkeys,https://tabs.ultimate-guitar.com/tab/arctic-monkeys/whyd-you-only-call-me-when-youre-high-chords-1419146
Wonderwall,Oasis,https://tabs.ultimate-guitar.com/tab/oasis/wonderwall-chords-27596
Yellow,Coldplay,https://tabs.ultimate-guitar.com/tab/coldplay/yellow-chords-114080
Yesterday,Beatles,https://tabs.ultimate-guitar.com/tab/the-beatles/yesterday-chords-17450
You Belong WIth Me,Taylor Swift,https://chordseasy.com/song/26289/you-belong-with-me
You Make Me Feel Like Dancing,Leo Sayer,https://tabs.ultimate-guitar.com/tab/leo-sayer/you-make-me-feel-like-dancing-chords-1052194
You Make Me Feel So Young,Frank Sinatra,https://tabs.ultimate-guitar.com/tab/frank-sinatra/you-make-me-feel-so-young-chords-1425782
You Make My Dreams Come True,Hall & Oates,https://tabs.ultimate-guitar.com/tab/hall-oates/you-make-my-dreams-chords-973669
You Oughtta Know,Alanis Morisette,https://tabs.ultimate-guitar.com/tab/alanis-morissette/you-oughta-know-chords-352404
You Send Me,Sam Cooke,https://tabs.ultimate-guitar.com/tab/sam-cooke/you-send-me-chords-212936
You and I,Lady Gaga,https://tabs.ultimate-guitar.com/tab/lady-gaga/you-and-i-chords-970384
Your Song,Elton John,https://tabs.ultimate-guitar.com/tab/elton-john/your-song-chords-29113
